Date,Description,Category,Debit,Credit,Balance
2026-06-11,Shell,Fuel,1360,0,77178
2026-06-11,Personal Loan EMI,EMI,2283,0,14709
2026-06-11,ATM Withdrawal,ATM,3502,0,-15914
2026-06-11,Amazon,Shopping,4896,0,-24668
2026-06-11,Home Loan EMI,EMI,2436,0,-58383
2026-06-13,Netflix,Entertainment,3322,0,-19772
2026-06-14,Lifestyle,Shopping,1803,0,23884
2026-06-14,Lifestyle,Shopping,1550,0,-26218
2026-06-14,Sony LIV,Entertainment,1577,0,-38272
2026-06-15,HPCL,Fuel,1161,0,50769
2026-06-16,Rapido,Travel,3768,0,116979
2026-06-16,Zerodha,Investment,1406,0,57435
2026-06-16,House Rent,Rent,2946,0,2628
2026-06-16,Apollo Hospitals,Healthcare,3388,0,-760
2026-06-17,NEFT Transfer,Transfer,3293,0,124786
2026-06-17,MedPlus,Healthcare,1397,0,62631
2026-06-17,Angel One,Investment,2044,0,-7835
2026-06-17,HPCL,Fuel,1413,0,-34229
2026-06-18,ATM Withdrawal,ATM,1464,0,35770
2026-06-18,Cafe Coffee Day,Food,3190,0,-61573
2026-06-19,Personal Loan EMI,EMI,3493,0,-52663
2026-06-19,Home Loan EMI,EMI,1206,0,-77043
2026-06-20,ICICI Prudential,Insurance,2948,0,131657
2026-06-20,House Rent,Rent,1711,0,45252
2026-06-21,Myntra,Shopping,1188,0,18862
2026-06-21,TNEB,Utilities,3286,0,-80329
2026-06-22,Rapido,Travel,3578,0,128079
2026-06-22,MedPlus,Healthcare,2758,0,86611
2026-06-22,Sony LIV,Entertainment,2140,0,5574
2026-06-23,A2B,Food,2058,0,-47930
2026-06-24,ATM Withdrawal,ATM,3806,0,46963
2026-06-24,Rapido,Travel,4727,0,31043
2026-06-25,Apollo Pharmacy,Healthcare,977,0,120747
2026-06-25,Zomato,Food,4944,0,81667
2026-06-26,Spotify,Entertainment,3409,0,64028
2026-06-27,Disney+ Hotstar,Entertainment,3623,0,89824
2026-06-27,House Rent,Rent,959,0,76219
2026-06-27,Disney+ Hotstar,Entertainment,1870,0,16992
2026-06-27,Shell,Fuel,3513,0,-69965
2026-06-28,House Rent,Rent,4805,0,108118
2026-06-28,TNEB,Utilities,1995,0,-28213
2026-06-29,House Rent,Rent,455,0,89369
2026-06-29,MedPlus,Healthcare,3576,0,39306
2026-06-30,Practo,Healthcare,1938,0,95931
2026-07-01,Salary Credit,Salary,0,134605,134605
2026-07-01,Angel One,Investment,3062,0,121724
2026-07-01,IMPS Transfer,Transfer,212,0,95719
2026-07-01,Ajio,Shopping,2714,0,69441
2026-07-02,Rapido,Travel,3129,0,78538
2026-07-02,BPCL,Fuel,2072,0,37234
2026-07-02,IMPS Transfer,Transfer,565,0,30478
2026-07-03,BPCL,Fuel,3218,0,102493
2026-07-03,Zomato,Food,2004,0,67437
2026-07-03,BSNL,Utilities,885,0,56550
2026-07-03,BPCL,Fuel,4620,0,51930
2026-07-03,Shell,Fuel,841,0,20050
2026-07-03,Apollo Pharmacy,Healthcare,4603,0,-32816
2026-07-03,Swiggy,Food,2880,0,-41152
2026-07-03,Angel One,Investment,4879,0,-66452
2026-07-04,Amazon,Shopping,4624,0,97869
2026-07-04,ATM Withdrawal,ATM,661,0,-75837
2026-07-05,House Rent,Rent,2466,0,-36695
2026-07-06,KFC,Food,2846,0,112923
2026-07-06,House Rent,Rent,2407,0,105711
2026-07-06,Meesho,Shopping,3839,0,10388
2026-07-06,ATM Withdrawal,ATM,4577,0,-12412
2026-07-06,House Rent,Rent,1240,0,-49170
2026-07-07,Jio,Utilities,1210,0,115769
2026-07-07,House Rent,Rent,482,0,14227
2026-07-07,Groww,Investment,2674,0,7714
2026-07-08,Myntra,Shopping,1765,0,43487
2026-07-08,ATM Withdrawal,ATM,536,0,-16450
2026-07-08,ICICI Prudential,Insurance,4720,0,-45872
2026-07-08,Angel One,Investment,3284,0,-55947
2026-07-09,ATM Withdrawal,ATM,4064,0,72155
2026-07-09,House Rent,Rent,4124,0,-75176
2026-07-10,Disney+ Hotstar,Entertainment,3790,0,58841
2026-07-10,HPCL,Fuel,4791,0,25687
2026-07-10,Car Loan EMI,EMI,3531,0,-5791
2026-07-10,IRCTC,Travel,1087,0,-71052
2026-07-11,BPCL,Fuel,2272,0,93447
2026-07-11,Apollo Pharmacy,Healthcare,605,0,42882
2026-07-11,Myntra,Shopping,2993,0,20891
2026-07-11,House Rent,Rent,1500,0,-2260
